<Options>
  <CurrentVersion>
    <VersionNumber>6</VersionNumber>
  </CurrentVersion>
  <Video>
    <ResolutionWidth>1920</ResolutionWidth>
    <ResolutionHeight>1080</ResolutionHeight>
    <ResolutionRefreshRate>60</ResolutionRefreshRate>
    <Fullscreen>1</Fullscreen>
    <VerticalSynchronization>0</VerticalSynchronization>
    <MaxFPS>30</MaxFPS>
    <SSAO>0</SSAO>
    <MSAA>0</MSAA>
    <FXAA>1</FXAA>
    <PlanetSurfaceShadow>0</PlanetSurfaceShadow>
    <PlanetaryAtmosphereBlur>0.5</PlanetaryAtmosphereBlur>
  </Video>
  <Audio>
    <AudioVersion>1</AudioVersion>
    <GameMainVolume>0.85</GameMainVolume>
    <SoundEffectVolume>1</SoundEffectVolume>
    <AmbientSoundEffectVolume>0.9</AmbientSoundEffectVolume>
    <MusicVolume>0.65</MusicVolume>
  </Audio>
  <Gameplay>
    <GameplayVersion>1</GameplayVersion>
    <AutosavingInterval>480</AutosavingInterval>
    <CameraRotationSensitivityX>1</CameraRotationSensitivityX>
    <CameraRotationSensitivityY>1</CameraRotationSensitivityY>
    <CameraZoomSensitivity>1</CameraZoomSensitivity>
    <BuildingWarnMask>1023</BuildingWarnMask>
    <ResearchQueueAlwaysOnDisplay>1</ResearchQueueAlwaysOnDisplay>
    <AutomaticallyMoveBuildingTarget>1</AutomaticallyMoveBuildingTarget>
    <BuildViewMode>1</BuildViewMode>
    <UILayoutReferenceHeight>1080</UILayoutReferenceHeight>
    <DemolishContainerQuery>1</DemolishContainerQuery>
  </Gameplay>
  <Control />
  <Miscellaneous>
    <MiscellaneousVersion>0</MiscellaneousVersion>
    <Language>0</Language>
    <TipLevel>2</TipLevel>
  </Miscellaneous>
</Options>